{
    "RPT": {
        "ScanTime": "13.914 sec.",
        "ScanFile": "20211017_flowerballoons_17153321cfee67708283_20211017171256_scan.json",
        "ScanCreated": "2021-10-17 17:13:11",
        "ScanPath": "C:\/xampp\/htdocs\/baloons\/wp-content\/backups-dup-pro\/tmp\/20211017_flowerballoons_17153321cfee67708283_20211017171256_scan.json"
    },
    "ARC": {
        "Size": "183.2MB",
        "DirCount": "2,567",
        "FileCount": "19,843",
        "FullCount": "22,410",
        "USize": 192100435,
        "UDirCount": 2567,
        "UFileCount": 19843,
        "UFullCount": 22410,
        "WarnFileCount": 0,
        "WarnDirCount": 0,
        "UnreadableDirCount": 0,
        "UnreadableFileCount": 0,
        "FilterDirsAll": [
            "C:\/xampp\/htdocs\/baloons\/.opcache",
            "C:\/xampp\/htdocs\/baloons\/.tmb",
            "C:\/xampp\/htdocs\/baloons\/wp-content\/ai1wm-backups",
            "C:\/xampp\/htdocs\/baloons\/wp-content\/backups-dup-lite",
            "C:\/xampp\/htdocs\/baloons\/wp-content\/backups-dup-pro",
            "C:\/xampp\/htdocs\/baloons\/wp-content\/backups-dup-pro",
            "C:\/xampp\/htdocs\/baloons\/wp-content\/backupwordpress",
            "C:\/xampp\/htdocs\/baloons\/wp-content\/bps-backup",
            "C:\/xampp\/htdocs\/baloons\/wp-content\/cache",
            "C:\/xampp\/htdocs\/baloons\/wp-content\/content\/cache",
            "C:\/xampp\/htdocs\/baloons\/wp-content\/contents\/cache",
            "C:\/xampp\/htdocs\/baloons\/wp-content\/infinitewp\/backups",
            "C:\/xampp\/htdocs\/baloons\/wp-content\/managewp\/backups",
            "C:\/xampp\/htdocs\/baloons\/wp-content\/old-cache",
            "C:\/xampp\/htdocs\/baloons\/wp-content\/plugins\/all-in-one-wp-migration\/storage",
            "C:\/xampp\/htdocs\/baloons\/wp-content\/plugins\/really-simple-captcha\/tmp",
            "C:\/xampp\/htdocs\/baloons\/wp-content\/plugins\/wordfence\/tmp",
            "C:\/xampp\/htdocs\/baloons\/wp-content\/updraft",
            "C:\/xampp\/htdocs\/baloons\/wp-content\/uploads\/aiowps_backups",
            "C:\/xampp\/htdocs\/baloons\/wp-content\/uploads\/backup-guard",
            "C:\/xampp\/htdocs\/baloons\/wp-content\/uploads\/backupbuddy_backups",
            "C:\/xampp\/htdocs\/baloons\/wp-content\/uploads\/backupbuddy_temp",
            "C:\/xampp\/htdocs\/baloons\/wp-content\/uploads\/ithemes-security\/backups",
            "C:\/xampp\/htdocs\/baloons\/wp-content\/uploads\/mainwp\/backup",
            "C:\/xampp\/htdocs\/baloons\/wp-content\/uploads\/pb_backupbuddy",
            "C:\/xampp\/htdocs\/baloons\/wp-content\/uploads\/snapshots",
            "C:\/xampp\/htdocs\/baloons\/wp-content\/uploads\/sucuri",
            "C:\/xampp\/htdocs\/baloons\/wp-content\/uploads\/wp-clone",
            "C:\/xampp\/htdocs\/baloons\/wp-content\/uploads\/wp_all_backup",
            "C:\/xampp\/htdocs\/baloons\/wp-content\/uploads\/wpbackitup_backups",
            "C:\/xampp\/htdocs\/baloons\/wp-content\/wfcache",
            "C:\/xampp\/htdocs\/baloons\/wp-content\/wishlist-backup",
            "C:\/xampp\/htdocs\/baloons\/wp-snapshots"
        ],
        "FilterFilesAll": [
            ".DS_Store",
            "C:\/xampp\/htdocs\/baloons\/.htaccess",
            "C:\/xampp\/htdocs\/baloons\/.user.ini",
            "C:\/xampp\/htdocs\/baloons\/php.ini",
            "C:\/xampp\/htdocs\/baloons\/web.config",
            "C:\/xampp\/htdocs\/baloons\/wp-config.php",
            "dbcache",
            "debug_log",
            "error_log",
            "objectcache",
            "pgcache",
            "ws_ftp.log"
        ],
        "FilterExtsAll": [],
        "FilteredCoreDirs": [],
        "FilteredSites": [],
        "Status": {
            "Size": "Good",
            "Names": "Good",
            "Big": "Warn",
            "AddonSites": "Good",
            "UnreadableItems": "Good",
            "showCreateFuncStatus": "Good",
            "showCreateFunc": true,
            "HasImportableSites": false,
            "HasNotImportableSites": false,
            "CanbeMigratePackage": true,
            "HasFilteredCoreFolders": false,
            "HasFilteredSiteTables": false,
            "HasFilteredSites": false,
            "Network": "Good",
            "IsDBOnly": 0,
            "PackageIsNotImportable": false
        },
        "RecursiveLinks": [],
        "UnreadableItems": [],
        "Subsites": []
    },
    "SRV": {
        "Brand": {
            "LogoAttachmentExists": false,
            "LogoCount": 0,
            "LogoFinded": 0,
            "LogoImageExists": true,
            "LogoImages": [],
            "Name": "Default",
            "Notes": "The default content used when a brand is not defined"
        },
        "HOST": [],
        "PHP": {
            "websrv": true,
            "openbase": true,
            "maxtime": true,
            "openssl": true,
            "mysqli": true,
            "allowurlfopen": true,
            "curlavailable": true,
            "minMemory": true,
            "version": true,
            "ALL": "Good"
        },
        "WP": {
            "version": true,
            "core": true,
            "ismu": false,
            "ismuplus": false,
            "ALL": "Good"
        }
    },
    "DB": {
        "Status": {
            "Success": true,
            "Size": "Good",
            "Rows": "Good",
            "Triggers": "Good"
        },
        "Size": "1.06MB",
        "Rows": "1,053",
        "TableCount": 20,
        "TableList": {
            "wp_commentmeta": {
                "Case": 0,
                "Rows": "2",
                "Size": "48KB",
                "USize": 49152
            },
            "wp_comments": {
                "Case": 0,
                "Rows": "2",
                "Size": "96KB",
                "USize": 98304
            },
            "wp_duplicator_pro_entities": {
                "Case": 0,
                "Rows": "5",
                "Size": "32KB",
                "USize": 32768
            },
            "wp_duplicator_pro_packages": {
                "Case": 0,
                "Rows": "0",
                "Size": "32KB",
                "USize": 32768
            },
            "wp_links": {
                "Case": 0,
                "Rows": "0",
                "Size": "32KB",
                "USize": 32768
            },
            "wp_options": {
                "Case": 0,
                "Rows": "164",
                "Size": "112KB",
                "USize": 114688
            },
            "wp_postmeta": {
                "Case": 0,
                "Rows": "710",
                "Size": "208KB",
                "USize": 212992
            },
            "wp_posts": {
                "Case": 0,
                "Rows": "131",
                "Size": "144KB",
                "USize": 147456
            },
            "wp_term_relationships": {
                "Case": 0,
                "Rows": "8",
                "Size": "32KB",
                "USize": 32768
            },
            "wp_term_taxonomy": {
                "Case": 0,
                "Rows": "2",
                "Size": "48KB",
                "USize": 49152
            },
            "wp_termmeta": {
                "Case": 0,
                "Rows": "0",
                "Size": "48KB",
                "USize": 49152
            },
            "wp_terms": {
                "Case": 0,
                "Rows": "2",
                "Size": "48KB",
                "USize": 49152
            },
            "wp_usermeta": {
                "Case": 0,
                "Rows": "22",
                "Size": "48KB",
                "USize": 49152
            },
            "wp_users": {
                "Case": 0,
                "Rows": "0",
                "Size": "64KB",
                "USize": 65536
            },
            "wp_wpgmza": {
                "Case": 0,
                "Rows": "5",
                "Size": "16KB",
                "USize": 16384
            },
            "wp_wpgmza_circles": {
                "Case": 0,
                "Rows": "0",
                "Size": "16KB",
                "USize": 16384
            },
            "wp_wpgmza_maps": {
                "Case": 0,
                "Rows": "0",
                "Size": "16KB",
                "USize": 16384
            },
            "wp_wpgmza_polygon": {
                "Case": 0,
                "Rows": "0",
                "Size": "16KB",
                "USize": 16384
            },
            "wp_wpgmza_polylines": {
                "Case": 0,
                "Rows": "0",
                "Size": "16KB",
                "USize": 16384
            },
            "wp_wpgmza_rectangles": {
                "Case": 0,
                "Rows": "0",
                "Size": "16KB",
                "USize": 16384
            }
        },
        "FilteredTables": []
    },
    "Status": 1
}